var_name,data_min,data_lim_bot,data_lim2p5_bot,outliers_Tukey_bot,data_max,data_lim_top,data_lim2p5_top,outliers_Tukey_top,outlier_thr_gradient,modified_z_score_bot,modified_z_score_top
x1,-1536.0622380572406,-533.2033803560205,-447.44284543403796,-59.12545968001025,685.9815875022548,495.92303870777073,410.1625037857882,45.23928050620661,3.0,-65.77329514652841,65.70647731121183
x2,-1081.0237031165348,-384.9069304837625,-322.53523140270937,-27.87324512111559,655.5400429906392,363.55345848887475,301.18175940782163,25.516885046055748,3.0,-31.12167959107658,31.070551248313574
