var_name,data_min,data_lim_bot,data_lim2p5_bot,outliers_Tukey_bot,data_max,data_lim_top,data_lim2p5_top,outliers_Tukey_top,outlier_thr_gradient,modified_z_score_bot,modified_z_score_top
x1,-35.73670578117135,-35.602146499833545,-31.882443520611723,-30.777162724552575,13.558222270592601,9.034289250828268,5.31458627160645,3.8481424238162774,3.0,-36.60835478747182,8.49293585175338
x2,-282.683245873346,-100.82115032704431,-84.3608302009793,-35.589846445239154,103.58049465510678,96.70269118573577,80.24237105967076,34.58027975558539,3.0,-44.47836540773499,45.533605272663344
