var_name,data_min,data_lim_bot,data_lim2p5_bot,outliers_Tukey_bot,data_max,data_lim_top,data_lim2p5_top,outliers_Tukey_top,outlier_thr_gradient,modified_z_score_bot,modified_z_score_top
x1,-3280.012458212096,-1944.0109845547893,-1602.7014709461625,-659.5543867232593,3369.374673554254,2151.70317874873,1810.393665140103,737.7457778335008,3.0,-856.3697886062934,889.2821149695295
x2,-27534.20294345659,-18776.024842906303,-15607.474800275664,-4783.488322589538,37800.695440616866,19246.5756686614,16078.025626030758,5272.700708877343,3.0,-6996.836638843796,7193.766881609962
